{
    "appid": "730",
    "type": "Game",
    "name": "Counter-Strike 2",
    "schinese_name": "反恐精英2",
    "isfreeapp": "1",
    "change_number": "28298892",
    "update_time": "2025-04-04 07:39:22",
    "depot": {
        "depotdeltapatches": "0",
        "overridescddb": "1",
        "baselanguages": "english,german,french,italian,koreana,spanish,schinese,tchinese,russian,thai,japanese,portuguese,polish,danish,dutch,finnish,norwegian,swedish,hungarian,czech,romanian,turkish,brazilian,bulgarian,greek,ukrainian,latam,vietnamese,indonesian",
        "workshopdepot": "730",
        "228988": {
            "config": {
                "oslist": "windows"
            },
            "depotfromapp": "228980",
            "sharedinstall": "1"
        },
        "228990": {
            "config": {
                "oslist": "windows"
            },
            "depotfromapp": "228980",
            "sharedinstall": "1"
        },
        "732": {
            "config": {
                "oslist": "windows"
            },
            "systemdefined": "1",
            "manifests": {
                "public": {
                    "gid": "4321216127335627864",
                    "size": "7",
                    "download": "64"
                },
                "csgo_legacy": {
                    "gid": "6314304446937576250",
                    "size": "363675822",
                    "download": "254448016"
                },
                "demo_viewer": {
                    "gid": "5384752978584135997",
                    "size": "99503909",
                    "download": "0"
                },
                "1.40.5.9": {
                    "gid": "7841789322663683267",
                    "size": "7",
                    "download": "64"
                },
                "1.40.6.2": {
                    "gid": "6569565819055112024",
                    "size": "7",
                    "download": "64"
                },
                "1.40.6.5": {
                    "gid": "3890748187265912306",
                    "size": "7",
                    "download": "64"
                },
                "1.40.6.7": {
                    "gid": "1683488841428642798",
                    "size": "7",
                    "download": "64"
                },
                "1.40.6.9": {
                    "gid": "1192598101285843212",
                    "size": "7",
                    "download": "64"
                },
                "1.40.7.4": {
                    "gid": "4321216127335627864",
                    "size": "7",
                    "download": "64"
                }
            }
        },
        "733": {
            "config": {
                "oslist": "macos"
            },
            "systemdefined": "1",
            "manifests": {
                "public": {
                    "gid": "1819703211975374685",
                    "size": "7",
                    "download": "64"
                },
                "csgo_legacy": {
                    "gid": "7818492753742006607",
                    "size": "276643099",
                    "download": "73729760"
                },
                "demo_viewer": {
                    "gid": "2103093205873127583",
                    "size": "147862039",
                    "download": "0"
                },
                "1.40.5.9": {
                    "gid": "5989593843196710450",
                    "size": "7",
                    "download": "64"
                },
                "1.40.6.2": {
                    "gid": "6035521264049777585",
                    "size": "7",
                    "download": "64"
                },
                "1.40.6.5": {
                    "gid": "2146828223679770354",
                    "size": "7",
                    "download": "64"
                },
                "1.40.6.7": {
                    "gid": "6015216054662684543",
                    "size": "7",
                    "download": "64"
                },
                "1.40.6.9": {
                    "gid": "4761123579912615263",
                    "size": "7",
                    "download": "64"
                },
                "1.40.7.4": {
                    "gid": "1819703211975374685",
                    "size": "7",
                    "download": "64"
                }
            }
        },
        "731": {
            "systemdefined": "1",
            "manifests": {
                "public": {
                    "gid": "4872930228872660923",
                    "size": "7",
                    "download": "64"
                },
                "csgo_legacy": {
                    "gid": "1224088799001669801",
                    "size": "32722411363",
                    "download": "13644292112"
                },
                "demo_viewer": {
                    "gid": "8917601652689682225",
                    "size": "4844677826",
                    "download": "0"
                },
                "1.40.5.9": {
                    "gid": "1470429743974529196",
                    "size": "7",
                    "download": "64"
                },
                "1.40.6.2": {
                    "gid": "7654913336432364836",
                    "size": "7",
                    "download": "64"
                },
                "1.40.6.5": {
                    "gid": "8110267944694412826",
                    "size": "7",
                    "download": "64"
                },
                "1.40.6.7": {
                    "gid": "8678295795087840181",
                    "size": "7",
                    "download": "64"
                },
                "1.40.6.9": {
                    "gid": "7953888847248462991",
                    "size": "7",
                    "download": "64"
                },
                "1.40.7.4": {
                    "gid": "4872930228872660923",
                    "size": "7",
                    "download": "64"
                }
            }
        },
        "734": {
            "config": {
                "oslist": "linux"
            },
            "manifests": {
                "public": {
                    "gid": "2600226827369962120",
                    "size": "7",
                    "download": "64"
                },
                "csgo_legacy": {
                    "gid": "3343055176458696864",
                    "size": "434785022",
                    "download": "114314960"
                },
                "1.40.5.9": {
                    "gid": "5426265213706150577",
                    "size": "7",
                    "download": "64"
                },
                "1.40.6.2": {
                    "gid": "3154790788081469625",
                    "size": "7",
                    "download": "64"
                },
                "1.40.6.5": {
                    "gid": "1544710944256333697",
                    "size": "7",
                    "download": "64"
                },
                "1.40.6.7": {
                    "gid": "856882718211147543",
                    "size": "7",
                    "download": "64"
                },
                "1.40.6.9": {
                    "gid": "8440945557174661754",
                    "size": "7",
                    "download": "64"
                },
                "1.40.7.4": {
                    "gid": "2600226827369962120",
                    "size": "7",
                    "download": "64"
                }
            }
        },
        "735": {
            "manifests": {
                "public": {
                    "gid": "7663115977926999998",
                    "size": "7",
                    "download": "64"
                },
                "csgo_legacy": {
                    "gid": "3867231304834558645",
                    "size": "0",
                    "download": "0"
                },
                "1.40.5.9": {
                    "gid": "2493625341084271083",
                    "size": "7",
                    "download": "64"
                },
                "1.40.6.2": {
                    "gid": "4462853518230358442",
                    "size": "7",
                    "download": "64"
                },
                "1.40.6.5": {
                    "gid": "5043354062010183364",
                    "size": "7",
                    "download": "64"
                },
                "1.40.6.7": {
                    "gid": "2104495007209226093",
                    "size": "7",
                    "download": "64"
                },
                "1.40.6.9": {
                    "gid": "5304195158218628760",
                    "size": "7",
                    "download": "64"
                },
                "1.40.7.4": {
                    "gid": "7663115977926999998",
                    "size": "7",
                    "download": "64"
                }
            }
        },
        "736": {
            "manifests": {
                "public": {
                    "gid": "1592398216696561456",
                    "size": "7",
                    "download": "64"
                },
                "csgo_legacy": {
                    "gid": "1949918900514112752",
                    "size": "0",
                    "download": "0"
                },
                "1.40.5.9": {
                    "gid": "7435501767518098667",
                    "size": "7",
                    "download": "64"
                },
                "1.40.6.2": {
                    "gid": "175377365605769378",
                    "size": "7",
                    "download": "64"
                },
                "1.40.6.5": {
                    "gid": "1086825310612330081",
                    "size": "7",
                    "download": "64"
                },
                "1.40.6.7": {
                    "gid": "1419311914807009818",
                    "size": "7",
                    "download": "64"
                },
                "1.40.6.9": {
                    "gid": "2270402967279884460",
                    "size": "7",
                    "download": "64"
                },
                "1.40.7.4": {
                    "gid": "1592398216696561456",
                    "size": "7",
                    "download": "64"
                }
            }
        },
        "737": {
            "manifests": {
                "public": {
                    "gid": "3321388562993803127",
                    "size": "7",
                    "download": "64"
                },
                "csgo_legacy": {
                    "gid": "8959772282070246004",
                    "size": "417072383",
                    "download": "143962432"
                },
                "1.40.5.9": {
                    "gid": "8999128308245073407",
                    "size": "7",
                    "download": "64"
                },
                "1.40.6.2": {
                    "gid": "2136294700405459976",
                    "size": "7",
                    "download": "64"
                },
                "1.40.6.5": {
                    "gid": "1162609274416081496",
                    "size": "7",
                    "download": "64"
                },
                "1.40.6.7": {
                    "gid": "1470127465905612869",
                    "size": "7",
                    "download": "64"
                },
                "1.40.6.9": {
                    "gid": "673117100240404012",
                    "size": "7",
                    "download": "64"
                },
                "1.40.7.4": {
                    "gid": "3321388562993803127",
                    "size": "7",
                    "download": "64"
                }
            }
        },
        "738": {
            "manifests": {
                "public": {
                    "gid": "4068937188675518069",
                    "size": "7",
                    "download": "64"
                },
                "csgo_legacy": {
                    "gid": "313951540668567317",
                    "size": "920601806",
                    "download": "741168448"
                },
                "1.40.5.9": {
                    "gid": "104392006235927000",
                    "size": "7",
                    "download": "64"
                },
                "1.40.6.2": {
                    "gid": "3698417733235211698",
                    "size": "7",
                    "download": "64"
                },
                "1.40.6.5": {
                    "gid": "5346043853196873674",
                    "size": "7",
                    "download": "64"
                },
                "1.40.6.7": {
                    "gid": "6482930838924132131",
                    "size": "7",
                    "download": "64"
                },
                "1.40.6.9": {
                    "gid": "1863350206645877949",
                    "size": "7",
                    "download": "64"
                },
                "1.40.7.4": {
                    "gid": "4068937188675518069",
                    "size": "7",
                    "download": "64"
                }
            }
        },
        "2347770": {
            "config": {
                "osarch": "64"
            },
            "manifests": {
                "public": {
                    "gid": "8267019011722911418",
                    "size": "49188704605",
                    "download": "39601141088"
                },
                "1.40.5.9": {
                    "gid": "9008436475370323816",
                    "size": "47563420156",
                    "download": "38154706928"
                },
                "1.40.6.2": {
                    "gid": "2144895679812331429",
                    "size": "47546977813",
                    "download": "38144274336"
                },
                "1.40.6.5": {
                    "gid": "7387336998971431230",
                    "size": "47637057103",
                    "download": "38195085696"
                },
                "1.40.6.7": {
                    "gid": "7652698890627636582",
                    "size": "47631380206",
                    "download": "38194598160"
                },
                "1.40.6.9": {
                    "gid": "2824898414093999913",
                    "size": "47634965158",
                    "download": "38187717680"
                },
                "1.40.7.4": {
                    "gid": "8267019011722911418",
                    "size": "49188704605",
                    "download": "39601141088"
                }
            }
        },
        "2347771": {
            "config": {
                "oslist": "windows"
            },
            "manifests": {
                "public": {
                    "gid": "6786672108314665590",
                    "size": "821465972",
                    "download": "475541552"
                },
                "1.40.5.9": {
                    "gid": "4615480674484923598",
                    "size": "820415455",
                    "download": "474912064"
                },
                "1.40.6.2": {
                    "gid": "3977657127216108862",
                    "size": "820500447",
                    "download": "474956848"
                },
                "1.40.6.5": {
                    "gid": "8470563273828242767",
                    "size": "820669980",
                    "download": "474971056"
                },
                "1.40.6.7": {
                    "gid": "1319931386783672268",
                    "size": "820769677",
                    "download": "475018768"
                },
                "1.40.6.9": {
                    "gid": "2695979870954813136",
                    "size": "820770189",
                    "download": "475028688"
                },
                "1.40.7.4": {
                    "gid": "6786672108314665590",
                    "size": "821465972",
                    "download": "475541552"
                }
            }
        },
        "2347772": {
            "config": {
                "oslist": "macos"
            },
            "manifests": {
                "public": {
                    "gid": "4427303554736365309",
                    "size": "9276",
                    "download": "1696"
                },
                "1.40.5.9": {
                    "gid": "4427303554736365309",
                    "size": "9276",
                    "download": "1696"
                },
                "1.40.6.2": {
                    "gid": "4427303554736365309",
                    "size": "9276",
                    "download": "1696"
                },
                "1.40.6.5": {
                    "gid": "4427303554736365309",
                    "size": "9276",
                    "download": "1696"
                },
                "1.40.6.7": {
                    "gid": "4427303554736365309",
                    "size": "9276",
                    "download": "1696"
                },
                "1.40.6.9": {
                    "gid": "4427303554736365309",
                    "size": "9276",
                    "download": "1696"
                },
                "1.40.7.4": {
                    "gid": "4427303554736365309",
                    "size": "9276",
                    "download": "1696"
                }
            }
        },
        "2347773": {
            "config": {
                "oslist": "linux",
                "osarch": "64"
            },
            "manifests": {
                "public": {
                    "gid": "5087254296014596550",
                    "size": "272043725",
                    "download": "75699408"
                },
                "1.40.5.9": {
                    "gid": "7895991697645030978",
                    "size": "272140429",
                    "download": "75687280"
                },
                "1.40.6.2": {
                    "gid": "1050378088708893140",
                    "size": "272210797",
                    "download": "75703392"
                },
                "1.40.6.5": {
                    "gid": "7963210200052840247",
                    "size": "272343949",
                    "download": "75714736"
                },
                "1.40.6.7": {
                    "gid": "6815690469295574903",
                    "size": "272507789",
                    "download": "75739936"
                },
                "1.40.6.9": {
                    "gid": "8264674571673967572",
                    "size": "272507757",
                    "download": "75726528"
                },
                "1.40.7.4": {
                    "gid": "5087254296014596550",
                    "size": "272043725",
                    "download": "75699408"
                }
            }
        },
        "2347774": {
            "config": {
                "osarch": "64"
            },
            "manifests": {
                "public": {
                    "gid": "2506907270420255040",
                    "size": "1018065131",
                    "download": "833784944"
                },
                "1.40.5.9": {
                    "gid": "2506907270420255040",
                    "size": "1018065131",
                    "download": "833784944"
                },
                "1.40.6.2": {
                    "gid": "2506907270420255040",
                    "size": "1018065131",
                    "download": "833784944"
                },
                "1.40.6.5": {
                    "gid": "2506907270420255040",
                    "size": "1018065131",
                    "download": "833784944"
                },
                "1.40.6.7": {
                    "gid": "2506907270420255040",
                    "size": "1018065131",
                    "download": "833784944"
                },
                "1.40.6.9": {
                    "gid": "2506907270420255040",
                    "size": "1018065131",
                    "download": "833784944"
                },
                "1.40.7.4": {
                    "gid": "2506907270420255040",
                    "size": "1018065131",
                    "download": "833784944"
                }
            }
        },
        "2347775": {},
        "2347776": {},
        "2347777": {},
        "2347778": {},
        "2347779": {
            "dlcappid": "2279721",
            "config": {
                "osarch": "64",
                "optionaldlc": "2279721"
            },
            "manifests": {
                "public": {
                    "gid": "4385682755348550991",
                    "size": "875304907",
                    "download": "227235520"
                },
                "1.40.5.9": {
                    "gid": "1362565474287919390",
                    "size": "771105520",
                    "download": "205481520"
                },
                "1.40.6.2": {
                    "gid": "3819256102785984403",
                    "size": "771105067",
                    "download": "205488240"
                },
                "1.40.6.5": {
                    "gid": "2213942665918902139",
                    "size": "771248278",
                    "download": "205518400"
                },
                "1.40.6.7": {
                    "gid": "3392969387089786009",
                    "size": "771248278",
                    "download": "205506352"
                },
                "1.40.6.9": {
                    "gid": "5508703612844315540",
                    "size": "771257313",
                    "download": "205502448"
                },
                "1.40.7.4": {
                    "gid": "4385682755348550991",
                    "size": "875304907",
                    "download": "227235520"
                }
            }
        },
        "hasdepotsindlc": "1",
        "branches": {
            "public": {
                "buildid": "17947091",
                "timeupdated": "1743553239"
            },
            "csgo_legacy": {
                "buildid": "12426195",
                "description": "Legacy Version of CS:GO",
                "timeupdated": "1697161396"
            },
            "demo_viewer": {
                "buildid": "35423",
                "description": "for pre 2013/1/9 demos"
            },
            "1.40.5.9": {
                "buildid": "16958277",
                "description": "1.40.5.9",
                "timeupdated": "1736799089"
            },
            "1.40.6.2": {
                "buildid": "17084099",
                "description": "1.40.6.2",
                "timeupdated": "1738015824"
            },
            "1.40.6.5": {
                "buildid": "17177704",
                "description": "1.40.6.5",
                "timeupdated": "1738200575"
            },
            "1.40.6.7": {
                "buildid": "17272995",
                "description": "1.40.6.7",
                "timeupdated": "1739311692"
            },
            "1.40.6.9": {
                "sc_schinese": "1.40.6.9",
                "buildid": "17459940",
                "description": "1.40.6.9",
                "timeupdated": "1740173468"
            },
            "1.40.7.4": {
                "buildid": "17947091",
                "description": "1.40.7.4",
                "timeupdated": "1743723558"
            }
        },
        "privatebranches": "1",
        "appmanagesdlc": "1"
    }
}