{
    "appid": 2923300,
    "name": "Banana",
    "type": "Game",
    "schinese_name": "香蕉",
    "isfreeapp": 1,
    "update_time": "2025-06-17 21:20:32",
    "change_number": 29608071,
    "depot": {
        "workshopdepot": "2923300",
        "2923301": {
            "config": {
                "oslist": "windows"
            },
            "manifests": {
                "public": {
                    "gid": "7681416316251179203",
                    "size": "2113956036",
                    "download": "621439296"
                }
            },
            "decryptionkey": "52e204a1693feffe9644fa5596b5931cefd37c24f60a0d61e24c7dcbe794c3b1"
        },
        "2923303": {
            "config": {
                "oslist": "linux"
            },
            "manifests": {
                "public": {
                    "gid": "6433848757290382981",
                    "size": "2132738709",
                    "download": "622305472"
                }
            },
            "decryptionkey": "cadfdb4c5a908729ed5ab3d9c428d129b6ea5a5c7d694a558b7abfd8d583689a"
        },
        "2923302": {
            "config": {
                "oslist": "windows"
            },
            "manifests": {
                "public": {
                    "gid": "6091918353947312124",
                    "size": "2113956036",
                    "download": "621593760"
                }
            },
            "decryptionkey": ""
        },
        "2923304": {
            "config": {
                "oslist": "linux"
            },
            "manifests": {
                "public": {
                    "gid": "5150163458097098076",
                    "size": "2132738709",
                    "download": "621470976"
                }
            }
        },
        "branches": {
            "public": {
                "buildid": "18884590",
                "timeupdated": "1750086961"
            }
        },
        "privatebranches": "1",
        "workshopdepotdecryptionkey": ""
    }
}